id,target_contract,caller_contract,method_name,block_number,tx_hash,timestamp
85,0xA0b86991c6218b36c1d19D4a2e9Eb0cE3606eB48,0xDFaa75323fB721e5f29D43859390f62Cc4B600b8,"transfer(address,uint256)",21699170,0x5bc1d39358e9d669a793607846ad68b7bc97df18611c6facc2bdf7c1d866ddc7,2025-01-25 12:34:59
86,0xA0b86991c6218b36c1d19D4a2e9Eb0cE3606eB48,0x6B1E2F4791aDb02a186c3a0028639142928E99f5,"approve(address,uint256)",21699170,0xed39d15efebfa95f0e8f27c7c65f4f833b35ec8300b40fc68a793b80e2aafc7b,2025-01-25 12:34:59
87,0xA0b86991c6218b36c1d19D4a2e9Eb0cE3606eB48,0x5041ed759Dd4aFc3a72b8192C143F72f4724081A,"transfer(address,uint256)",21699171,0x659501776af8226a9af61a85132b0e4916991fd33cc704ec913b145123a8e7fa,2025-01-25 12:35:23
88,0xA0b86991c6218b36c1d19D4a2e9Eb0cE3606eB48,0x178Edab8cA6AE2054A5A9aDB62aA79cfb01cc615,"transfer(address,uint256)",21699171,0xfb55c74de8979282b38540cfba1267eb9d59106453287f054d18332f829923f3,2025-01-25 12:35:23
89,0xA0b86991c6218b36c1d19D4a2e9Eb0cE3606eB48,0x5041ed759Dd4aFc3a72b8192C143F72f4724081A,"transfer(address,uint256)",21699171,0x26c9ccd652fe99221e9cadc2e4ae76aaae10e4fb402e2b99c864507356025bf3,2025-01-25 12:35:23
90,0xA0b86991c6218b36c1d19D4a2e9Eb0cE3606eB48,0xc977c66752be7CB7A09bf18855534b52C7EA1926,"transfer(address,uint256)",21699171,0x5f05c1e317d86cb9a9e8f93070e362c3a29e7f190fe8a4debb74a25439596295,2025-01-25 12:35:23
91,0xA0b86991c6218b36c1d19D4a2e9Eb0cE3606eB48,0xdd3d72C53Ff982ff59853da71158bf1538b3Ceee,"transfer(address,uint256)",21699171,0x44c9286173755912db3381600bf34689a6b1100f184a362e7cc2d15238bafe30,2025-01-25 12:35:23
92,0xA0b86991c6218b36c1d19D4a2e9Eb0cE3606eB48,0x119de63da78a39620169381718FAB9F48dB8867B,"approve(address,uint256)",21699171,0xa88e00918b324055a16335c53a40f21be9ed2ca9253c3d07a79ab57a0e58714c,2025-01-25 12:35:23
93,0xA0b86991c6218b36c1d19D4a2e9Eb0cE3606eB48,0x9054868653afb93680dB14A1C0A460b93d7542c3,"transfer(address,uint256)",21699171,0xbfe2c41439f9410dff6a8c8fabc5cf44dd2fbf74e312b526e890b8d0dfd5dd79,2025-01-25 12:35:23
94,0xA0b86991c6218b36c1d19D4a2e9Eb0cE3606eB48,0x3c81d3597c0fb722A6e24b4Ce1081Eaa42D74377,"approve(address,uint256)",21699171,0x21eb49ad9edc2c92e7e6be0da213d44fe0ac57f45cfce4eeca61e5c777ba5487,2025-01-25 12:35:23
95,0xA0b86991c6218b36c1d19D4a2e9Eb0cE3606eB48,0xFD8292f29c1406ECf70DF3152A1cAE4755068eE1,"transfer(address,uint256)",21699171,0x552a532e2ee996c30c30b3b0bc472539c0da7f9f7dab6305b7ed50be189ec2be,2025-01-25 12:35:23
96,0xA0b86991c6218b36c1d19D4a2e9Eb0cE3606eB48,0xf89d7b9c864f589bbF53a82105107622B35EaA40,"transfer(address,uint256)",21699172,0x4731c7a5a374f6cd3a92cd78b700f8d94e233ad3c94e868cea6414a958ad0d5a,2025-01-25 12:35:35
97,0xA0b86991c6218b36c1d19D4a2e9Eb0cE3606eB48,0xf151939841E1EA23A9879647fb5c4a12a30651e7,"transfer(address,uint256)",21699173,0x11f459d1bd28ba48e0bdd5e51d70472212dbc196ac5694405d2a53590f62aa39,2025-01-25 12:35:47
98,0xA0b86991c6218b36c1d19D4a2e9Eb0cE3606eB48,0xDdb58c8cB078f1fdfC9520eDBB284B0148b0A302,"transfer(address,uint256)",21699173,0xceed2f4d222697b1b76b1540c50c3864dac216999d5cf35737bdf988d1f00b9d,2025-01-25 12:35:47
99,0xA0b86991c6218b36c1d19D4a2e9Eb0cE3606eB48,0xC2077A8696f34a4D1c102D76212885Fe2920B9eb,"approve(address,uint256)",21699174,0x21a29487b3ad411260ef930d8bf6c731cb4ab8fc1cab90beaceea244a76e6841,2025-01-25 12:35:59
100,0xA0b86991c6218b36c1d19D4a2e9Eb0cE3606eB48,0xa7255773aCc951850348E4885E8E6433d8101980,"approve(address,uint256)",21699174,0xdc668ff55bc9b5a2b7c4fa95f8a589cacf9392e7e42b58c61259977eb6c12610,2025-01-25 12:35:59
101,0xA0b86991c6218b36c1d19D4a2e9Eb0cE3606eB48,0xDFaa75323fB721e5f29D43859390f62Cc4B600b8,"transfer(address,uint256)",21699174,0x5f8fcbf281a29c1e38f3a1fd946765f1224b680850ec48decb65b2780bb6d518,2025-01-25 12:35:59
102,0xA0b86991c6218b36c1d19D4a2e9Eb0cE3606eB48,0x46340b20830761efd32832A74d7169B29FEB9758,"transfer(address,uint256)",21699175,0xf31aac1b7b408c3af3f1e1ac0d3140da96a10357415ce3e9d711e8162b8adcdd,2025-01-25 12:36:11
